	Statistic Measure	SVC	RandomForests	Naive Bayes
0	Accuracy	0.70125644632	0.738665416471	0.639989842163
